{
  "_comment" : "Created with OWL2VOWL (version 0.3.6), http://vowl.visualdataweb.org",
  "header" : {
    "languages" : [ "undefined" ],
    "baseIris" : [ "http://schema.org", "http://www.w3.org/2000/01/rdf-schema", "http://www.w3.org/2003/01/geo/wgs84_pos", "http://purl.org/dc/terms", "http://www.w3.org/2001/XMLSchema", "http://xmlns.com/foaf/0.1", "http://www.w3.org/2000/10/swap/pim/contact", "http://www.w3.org/2004/02/skos/core" ],
    "prefixList" : {
      "owl" : "http://www.w3.org/2002/07/owl#",
      "rdf" : "http://www.w3.org/1999/02/22-rdf-syntax-ns#",
      "wot" : "http://xmlns.com/wot/0.1/",
      "xsd" : "http://www.w3.org/2001/XMLSchema#",
      "dc" : "http://purl.org/dc/elements/1.1/",
      "xml" : "http://www.w3.org/XML/1998/namespace",
      "vs" : "http://www.w3.org/2003/06/sw-vocab-status/ns#",
      "foaf" : "http://xmlns.com/foaf/0.1/",
      "rdfs" : "http://www.w3.org/2000/01/rdf-schema#"
    },
    "title" : {
      "undefined" : "Friend of a Friend (FOAF) vocabulary"
    },
    "iri" : "http://xmlns.com/foaf/0.1/",
    "description" : {
      "undefined" : "The Friend of a Friend (FOAF) RDF vocabulary, described using W3C RDF Schema and the Web Ontology Language."
    },
    "other" : {
      "title" : [ {
        "identifier" : "title",
        "language" : "undefined",
        "value" : "Friend of a Friend (FOAF) vocabulary",
        "type" : "label"
      } ]
    }
  },
  "namespace" : [ ],
  "class" : [ {
    "id" : "3",
    "type" : "owl:Thing"
  }, {
    "id" : "9",
    "type" : "owl:Class"
  }, {
    "id" : "1",
    "type" : "owl:equivalentClass"
  }, {
    "id" : "18",
    "type" : "owl:Thing"
  }, {
    "id" : "19",
    "type" : "owl:Thing"
  }, {
    "id" : "5",
    "type" : "owl:Thing"
  }, {
    "id" : "20",
    "type" : "rdfs:Literal"
  }, {
    "id" : "8",
    "type" : "rdfs:Literal"
  }, {
    "id" : "11",
    "type" : "owl:Class"
  }, {
    "id" : "21",
    "type" : "owl:Thing"
  }, {
    "id" : "22",
    "type" : "rdfs:Literal"
  }, {
    "id" : "24",
    "type" : "rdfs:Literal"
  }, {
    "id" : "26",
    "type" : "rdfs:Literal"
  }, {
    "id" : "27",
    "type" : "rdfs:Literal"
  }, {
    "id" : "37",
    "type" : "owl:equivalentClass"
  }, {
    "id" : "45",
    "type" : "rdfs:Literal"
  }, {
    "id" : "46",
    "type" : "rdfs:Literal"
  }, {
    "id" : "53",
    "type" : "rdfs:Literal"
  }, {
    "id" : "56",
    "type" : "rdfs:Literal"
  }, {
    "id" : "59",
    "type" : "rdfs:Literal"
  }, {
    "id" : "60",
    "type" : "owl:Class"
  }, {
    "id" : "61",
    "type" : "rdfs:Literal"
  }, {
    "id" : "6",
    "type" : "rdfs:Literal"
  }, {
    "id" : "62",
    "type" : "rdfs:Literal"
  }, {
    "id" : "12",
    "type" : "owl:equivalentClass"
  }, {
    "id" : "55",
    "type" : "rdfs:Literal"
  }, {
    "id" : "69",
    "type" : "rdfs:Literal"
  }, {
    "id" : "71",
    "type" : "owl:Class"
  }, {
    "id" : "36",
    "type" : "owl:Class"
  }, {
    "id" : "86",
    "type" : "owl:Class"
  }, {
    "id" : "83",
    "type" : "owl:Class"
  }, {
    "id" : "94",
    "type" : "owl:Class"
  }, {
    "id" : "73",
    "type" : "rdfs:Literal"
  }, {
    "id" : "68",
    "type" : "rdfs:Literal"
  }, {
    "id" : "93",
    "type" : "rdfs:Literal"
  }, {
    "id" : "33",
    "type" : "owl:Thing"
  }, {
    "id" : "49",
    "type" : "rdfs:Literal"
  }, {
    "id" : "29",
    "type" : "owl:Thing"
  }, {
    "id" : "101",
    "type" : "rdfs:Literal"
  }, {
    "id" : "39",
    "type" : "owl:Thing"
  }, {
    "id" : "63",
    "type" : "owl:equivalentClass"
  }, {
    "id" : "64",
    "type" : "owl:equivalentClass"
  }, {
    "id" : "102",
    "type" : "owl:equivalentClass"
  }, {
    "id" : "78",
    "type" : "owl:Class"
  }, {
    "id" : "77",
    "type" : "owl:Class"
  }, {
    "id" : "13",
    "type" : "owl:equivalentClass"
  }, {
    "id" : "58",
    "type" : "rdfs:Literal"
  }, {
    "id" : "100",
    "type" : "rdfs:Literal"
  }, {
    "id" : "106",
    "type" : "rdfs:Literal"
  }, {
    "id" : "52",
    "type" : "rdfs:Literal"
  }, {
    "id" : "88",
    "type" : "rdfs:Literal"
  }, {
    "id" : "118",
    "type" : "rdfs:Literal"
  }, {
    "id" : "126",
    "type" : "owl:Class"
  }, {
    "id" : "2",
    "type" : "owl:equivalentClass"
  }, {
    "id" : "32",
    "type" : "owl:equivalentClass"
  }, {
    "id" : "10",
    "type" : "owl:Class"
  } ],
  "classAttribute" : [ {
    "iri" : "http://www.w3.org/2002/07/owl#Thing",
    "baseIri" : "http://owl2vowl.de",
    "id" : "3",
    "label" : {
      "undefined" : "Thing"
    }
  }, {
    "iri" : "http://www.w3.org/2004/02/skos/core#Concept",
    "baseIri" : "http://www.w3.org/2004/02/skos/core",
    "instances" : 0,
    "label" : {
      "IRI-based" : "Concept",
      "undefined" : "Concept"
    },
    "attributes" : [ "external" ],
    "id" : "9"
  }, {
    "iri" : "http://xmlns.com/foaf/0.1/Agent",
    "equivalent" : [ "13" ],
    "baseIri" : "http://xmlns.com/foaf/0.1",
    "instances" : 0,
    "annotations" : {
      "term_status" : [ {
        "identifier" : "term_status",
        "language" : "undefined",
        "value" : "stable",
        "type" : "label"
      } ]
    },
    "label" : {
      "IRI-based" : "Agent",
      "undefined" : "Agent"
    },
    "subClasses" : [ "10", "11", "12" ],
    "comment" : {
      "undefined" : "An agent (eg. person, group, software or physical artifact)."
    },
    "attributes" : [ "equivalent" ],
    "id" : "1"
  }, {
    "iri" : "http://www.w3.org/2002/07/owl#Thing",
    "baseIri" : "http://owl2vowl.de",
    "id" : "18",
    "label" : {
      "undefined" : "Thing"
    }
  }, {
    "iri" : "http://www.w3.org/2002/07/owl#Thing",
    "baseIri" : "http://owl2vowl.de",
    "id" : "19",
    "label" : {
      "undefined" : "Thing"
    }
  }, {
    "iri" : "http://www.w3.org/2002/07/owl#Thing",
    "baseIri" : "http://owl2vowl.de",
    "id" : "5",
    "label" : {
      "undefined" : "Thing"
    }
  }, {
    "iri" : "http://www.w3.org/2000/01/rdf-schema#Literal",
    "baseIri" : "http://www.w3.org/2000/01/rdf-schema",
    "id" : "20",
    "label" : {
      "IRI-based" : "Literal",
      "undefined" : "Literal"
    }
  }, {
    "iri" : "http://www.w3.org/2000/01/rdf-schema#Literal",
    "id" : "8",
    "label" : {
      "IRI-based" : "Literal",
      "undefined" : "Literal"
    }
  }, {
    "iri" : "http://xmlns.com/foaf/0.1/Organization",
    "baseIri" : "http://xmlns.com/foaf/0.1",
    "instances" : 0,
    "annotations" : {
      "isDefinedBy" : [ {
        "identifier" : "isDefinedBy",
        "language" : "undefined",
        "value" : "http://xmlns.com/foaf/0.1/",
        "type" : "iri"
      } ],
      "term_status" : [ {
        "identifier" : "term_status",
        "language" : "undefined",
        "value" : "stable",
        "type" : "label"
      } ]
    },
    "label" : {
      "IRI-based" : "Organization",
      "undefined" : "Organization"
    },
    "comment" : {
      "undefined" : "An organization."
    },
    "id" : "11",
    "superClasses" : [ "1" ]
  }, {
    "iri" : "http://www.w3.org/2002/07/owl#Thing",
    "baseIri" : "http://owl2vowl.de",
    "id" : "21",
    "label" : {
      "undefined" : "Thing"
    }
  }, {
    "iri" : "http://www.w3.org/2000/01/rdf-schema#Literal",
    "baseIri" : "http://www.w3.org/2000/01/rdf-schema",
    "id" : "22",
    "label" : {
      "IRI-based" : "Literal",
      "undefined" : "Literal"
    }
  }, {
    "iri" : "http://www.w3.org/2000/01/rdf-schema#Literal",
    "baseIri" : "http://www.w3.org/2000/01/rdf-schema",
    "id" : "24",
    "label" : {
      "IRI-based" : "Literal",
      "undefined" : "Literal"
    }
  }, {
    "iri" : "http://www.w3.org/2000/01/rdf-schema#Literal",
    "baseIri" : "http://www.w3.org/2000/01/rdf-schema",
    "id" : "26",
    "label" : {
      "IRI-based" : "Literal",
      "undefined" : "Literal"
    }
  }, {
    "iri" : "http://www.w3.org/2000/01/rdf-schema#Literal",
    "baseIri" : "http://www.w3.org/2000/01/rdf-schema",
    "id" : "27",
    "label" : {
      "IRI-based" : "Literal",
      "undefined" : "Literal"
    }
  }, {
    "iri" : "http://schema.org/CreativeWork",
    "baseIri" : "http://schema.org",
    "instances" : 0,
    "label" : {
      "IRI-based" : "CreativeWork"
    },
    "attributes" : [ "equivalent", "external" ],
    "id" : "37"
  }, {
    "iri" : "http://www.w3.org/2000/01/rdf-schema#Literal",
    "baseIri" : "http://www.w3.org/2000/01/rdf-schema",
    "id" : "45",
    "label" : {
      "IRI-based" : "Literal",
      "undefined" : "Literal"
    }
  }, {
    "iri" : "http://www.w3.org/2000/01/rdf-schema#Literal",
    "baseIri" : "http://www.w3.org/2000/01/rdf-schema",
    "id" : "46",
    "label" : {
      "IRI-based" : "Literal",
      "undefined" : "Literal"
    }
  }, {
    "iri" : "http://www.w3.org/2000/01/rdf-schema#Literal",
    "baseIri" : "http://www.w3.org/2000/01/rdf-schema",
    "id" : "53",
    "label" : {
      "IRI-based" : "Literal",
      "undefined" : "Literal"
    }
  }, {
    "iri" : "http://www.w3.org/2000/01/rdf-schema#Literal",
    "baseIri" : "http://www.w3.org/2000/01/rdf-schema",
    "id" : "56",
    "label" : {
      "IRI-based" : "Literal",
      "undefined" : "Literal"
    }
  }, {
    "iri" : "http://www.w3.org/2000/01/rdf-schema#Literal",
    "baseIri" : "http://www.w3.org/2000/01/rdf-schema",
    "id" : "59",
    "label" : {
      "IRI-based" : "Literal",
      "undefined" : "Literal"
    }
  }, {
    "iri" : "http://xmlns.com/foaf/0.1/Project",
    "baseIri" : "http://xmlns.com/foaf/0.1",
    "instances" : 0,
    "annotations" : {
      "isDefinedBy" : [ {
        "identifier" : "isDefinedBy",
        "language" : "undefined",
        "value" : "http://xmlns.com/foaf/0.1/",
        "type" : "iri"
      } ],
      "term_status" : [ {
        "identifier" : "term_status",
        "language" : "undefined",
        "value" : "testing",
        "type" : "label"
      } ]
    },
    "label" : {
      "IRI-based" : "Project",
      "undefined" : "Project"
    },
    "comment" : {
      "undefined" : "A project (a collective endeavour of some kind)."
    },
    "id" : "60"
  }, {
    "iri" : "http://www.w3.org/2000/01/rdf-schema#Literal",
    "baseIri" : "http://www.w3.org/2000/01/rdf-schema",
    "id" : "61",
    "label" : {
      "IRI-based" : "Literal",
      "undefined" : "Literal"
    }
  }, {
    "iri" : "http://www.w3.org/2000/01/rdf-schema#Literal",
    "baseIri" : "http://www.w3.org/2000/01/rdf-schema",
    "id" : "6",
    "label" : {
      "IRI-based" : "Literal",
      "undefined" : "Literal"
    }
  }, {
    "iri" : "http://www.w3.org/2000/01/rdf-schema#Literal",
    "baseIri" : "http://www.w3.org/2000/01/rdf-schema",
    "id" : "62",
    "label" : {
      "IRI-based" : "Literal",
      "undefined" : "Literal"
    }
  }, {
    "iri" : "http://xmlns.com/foaf/0.1/Person",
    "equivalent" : [ "63", "64" ],
    "baseIri" : "http://xmlns.com/foaf/0.1",
    "instances" : 0,
    "annotations" : {
      "isDefinedBy" : [ {
        "identifier" : "isDefinedBy",
        "language" : "undefined",
        "value" : "http://xmlns.com/foaf/0.1/",
        "type" : "iri"
      } ],
      "term_status" : [ {
        "identifier" : "term_status",
        "language" : "undefined",
        "value" : "stable",
        "type" : "label"
      } ]
    },
    "label" : {
      "IRI-based" : "Person",
      "undefined" : "Person"
    },
    "comment" : {
      "undefined" : "A person."
    },
    "attributes" : [ "equivalent" ],
    "id" : "12",
    "superClasses" : [ "1", "36" ]
  }, {
    "iri" : "http://www.w3.org/2000/01/rdf-schema#Literal",
    "baseIri" : "http://www.w3.org/2000/01/rdf-schema",
    "id" : "55",
    "label" : {
      "IRI-based" : "Literal",
      "undefined" : "Literal"
    }
  }, {
    "iri" : "http://www.w3.org/2000/01/rdf-schema#Literal",
    "baseIri" : "http://www.w3.org/2000/01/rdf-schema",
    "id" : "69",
    "label" : {
      "IRI-based" : "Literal",
      "undefined" : "Literal"
    }
  }, {
    "iri" : "http://xmlns.com/foaf/0.1/PersonalProfileDocument",
    "baseIri" : "http://xmlns.com/foaf/0.1",
    "instances" : 0,
    "annotations" : {
      "term_status" : [ {
        "identifier" : "term_status",
        "language" : "undefined",
        "value" : "testing",
        "type" : "label"
      } ]
    },
    "label" : {
      "IRI-based" : "PersonalProfileDocument",
      "undefined" : "PersonalProfileDocument"
    },
    "comment" : {
      "undefined" : "A personal profile RDF document."
    },
    "id" : "71",
    "superClasses" : [ "2" ]
  }, {
    "iri" : "http://www.w3.org/2003/01/geo/wgs84_pos#SpatialThing",
    "baseIri" : "http://www.w3.org/2003/01/geo/wgs84_pos",
    "instances" : 0,
    "label" : {
      "IRI-based" : "SpatialThing",
      "undefined" : "Spatial Thing"
    },
    "subClasses" : [ "12" ],
    "attributes" : [ "external" ],
    "id" : "36"
  }, {
    "iri" : "http://xmlns.com/foaf/0.1/OnlineChatAccount",
    "baseIri" : "http://xmlns.com/foaf/0.1",
    "instances" : 0,
    "annotations" : {
      "isDefinedBy" : [ {
        "identifier" : "isDefinedBy",
        "language" : "undefined",
        "value" : "http://xmlns.com/foaf/0.1/",
        "type" : "iri"
      } ],
      "term_status" : [ {
        "identifier" : "term_status",
        "language" : "undefined",
        "value" : "unstable",
        "type" : "label"
      } ]
    },
    "label" : {
      "IRI-based" : "OnlineChatAccount",
      "undefined" : "Online Chat Account"
    },
    "comment" : {
      "undefined" : "An online chat account."
    },
    "id" : "86",
    "superClasses" : [ "78" ]
  }, {
    "iri" : "http://xmlns.com/foaf/0.1/OnlineGamingAccount",
    "baseIri" : "http://xmlns.com/foaf/0.1",
    "instances" : 0,
    "annotations" : {
      "isDefinedBy" : [ {
        "identifier" : "isDefinedBy",
        "language" : "undefined",
        "value" : "http://xmlns.com/foaf/0.1/",
        "type" : "iri"
      } ],
      "term_status" : [ {
        "identifier" : "term_status",
        "language" : "undefined",
        "value" : "unstable",
        "type" : "label"
      } ]
    },
    "label" : {
      "IRI-based" : "OnlineGamingAccount",
      "undefined" : "Online Gaming Account"
    },
    "comment" : {
      "undefined" : "An online gaming account."
    },
    "id" : "83",
    "superClasses" : [ "78" ]
  }, {
    "iri" : "http://xmlns.com/foaf/0.1/LabelProperty",
    "baseIri" : "http://xmlns.com/foaf/0.1",
    "instances" : 0,
    "annotations" : {
      "isDefinedBy" : [ {
        "identifier" : "isDefinedBy",
        "language" : "undefined",
        "value" : "http://xmlns.com/foaf/0.1/",
        "type" : "iri"
      } ],
      "term_status" : [ {
        "identifier" : "term_status",
        "language" : "undefined",
        "value" : "unstable",
        "type" : "label"
      } ]
    },
    "label" : {
      "IRI-based" : "LabelProperty",
      "undefined" : "Label Property"
    },
    "comment" : {
      "undefined" : "A foaf:LabelProperty is any RDF property with texual values that serve as labels."
    },
    "id" : "94"
  }, {
    "iri" : "http://www.w3.org/2000/01/rdf-schema#Literal",
    "id" : "73",
    "label" : {
      "IRI-based" : "Literal",
      "undefined" : "Literal"
    }
  }, {
    "iri" : "http://www.w3.org/2000/01/rdf-schema#Literal",
    "id" : "68",
    "label" : {
      "IRI-based" : "Literal",
      "undefined" : "Literal"
    }
  }, {
    "iri" : "http://www.w3.org/2000/01/rdf-schema#Literal",
    "id" : "93",
    "label" : {
      "IRI-based" : "Literal",
      "undefined" : "Literal"
    }
  }, {
    "iri" : "http://www.w3.org/2002/07/owl#Thing",
    "baseIri" : "http://owl2vowl.de",
    "id" : "33",
    "label" : {
      "undefined" : "Thing"
    }
  }, {
    "iri" : "http://www.w3.org/2000/01/rdf-schema#Literal",
    "id" : "49",
    "label" : {
      "IRI-based" : "Literal",
      "undefined" : "Literal"
    }
  }, {
    "iri" : "http://www.w3.org/2002/07/owl#Thing",
    "baseIri" : "http://owl2vowl.de",
    "id" : "29",
    "label" : {
      "undefined" : "Thing"
    }
  }, {
    "iri" : "http://www.w3.org/2000/01/rdf-schema#Literal",
    "id" : "101",
    "label" : {
      "IRI-based" : "Literal",
      "undefined" : "Literal"
    }
  }, {
    "iri" : "http://www.w3.org/2002/07/owl#Thing",
    "baseIri" : "http://owl2vowl.de",
    "id" : "39",
    "label" : {
      "undefined" : "Thing"
    }
  }, {
    "iri" : "http://www.w3.org/2000/10/swap/pim/contact#Person",
    "baseIri" : "http://www.w3.org/2000/10/swap/pim/contact",
    "instances" : 0,
    "label" : {
      "IRI-based" : "Person"
    },
    "attributes" : [ "equivalent", "external" ],
    "id" : "63"
  }, {
    "iri" : "http://schema.org/Person",
    "baseIri" : "http://schema.org",
    "instances" : 0,
    "label" : {
      "IRI-based" : "Person"
    },
    "attributes" : [ "equivalent", "external" ],
    "id" : "64"
  }, {
    "iri" : "http://schema.org/ImageObject",
    "baseIri" : "http://schema.org",
    "instances" : 0,
    "label" : {
      "IRI-based" : "ImageObject"
    },
    "attributes" : [ "equivalent", "external" ],
    "id" : "102"
  }, {
    "iri" : "http://xmlns.com/foaf/0.1/OnlineAccount",
    "baseIri" : "http://xmlns.com/foaf/0.1",
    "instances" : 0,
    "annotations" : {
      "isDefinedBy" : [ {
        "identifier" : "isDefinedBy",
        "language" : "undefined",
        "value" : "http://xmlns.com/foaf/0.1/",
        "type" : "iri"
      } ],
      "term_status" : [ {
        "identifier" : "term_status",
        "language" : "undefined",
        "value" : "testing",
        "type" : "label"
      } ]
    },
    "label" : {
      "IRI-based" : "OnlineAccount",
      "undefined" : "Online Account"
    },
    "subClasses" : [ "77", "86", "83" ],
    "comment" : {
      "undefined" : "An online account."
    },
    "id" : "78"
  }, {
    "iri" : "http://xmlns.com/foaf/0.1/OnlineEcommerceAccount",
    "baseIri" : "http://xmlns.com/foaf/0.1",
    "instances" : 0,
    "annotations" : {
      "isDefinedBy" : [ {
        "identifier" : "isDefinedBy",
        "language" : "undefined",
        "value" : "http://xmlns.com/foaf/0.1/",
        "type" : "iri"
      } ],
      "term_status" : [ {
        "identifier" : "term_status",
        "language" : "undefined",
        "value" : "unstable",
        "type" : "label"
      } ]
    },
    "label" : {
      "IRI-based" : "OnlineEcommerceAccount",
      "undefined" : "Online E-commerce Account"
    },
    "comment" : {
      "undefined" : "An online e-commerce account."
    },
    "id" : "77",
    "superClasses" : [ "78" ]
  }, {
    "iri" : "http://purl.org/dc/terms/Agent",
    "baseIri" : "http://purl.org/dc/terms",
    "instances" : 0,
    "label" : {
      "IRI-based" : "Agent"
    },
    "attributes" : [ "equivalent", "external" ],
    "id" : "13"
  }, {
    "iri" : "http://www.w3.org/2000/01/rdf-schema#Literal",
    "baseIri" : "http://www.w3.org/2000/01/rdf-schema",
    "id" : "58",
    "label" : {
      "IRI-based" : "Literal",
      "undefined" : "Literal"
    }
  }, {
    "iri" : "http://www.w3.org/2000/01/rdf-schema#Literal",
    "baseIri" : "http://www.w3.org/2000/01/rdf-schema",
    "id" : "100",
    "label" : {
      "IRI-based" : "Literal",
      "undefined" : "Literal"
    }
  }, {
    "iri" : "http://www.w3.org/2000/01/rdf-schema#Literal",
    "baseIri" : "http://www.w3.org/2000/01/rdf-schema",
    "id" : "106",
    "label" : {
      "IRI-based" : "Literal",
      "undefined" : "Literal"
    }
  }, {
    "iri" : "http://www.w3.org/2000/01/rdf-schema#Literal",
    "baseIri" : "http://www.w3.org/2000/01/rdf-schema",
    "id" : "52",
    "label" : {
      "IRI-based" : "Literal",
      "undefined" : "Literal"
    }
  }, {
    "iri" : "http://www.w3.org/2000/01/rdf-schema#Literal",
    "baseIri" : "http://www.w3.org/2000/01/rdf-schema",
    "id" : "88",
    "label" : {
      "IRI-based" : "Literal",
      "undefined" : "Literal"
    }
  }, {
    "iri" : "http://www.w3.org/2000/01/rdf-schema#Literal",
    "baseIri" : "http://www.w3.org/2000/01/rdf-schema",
    "id" : "118",
    "label" : {
      "IRI-based" : "Literal",
      "undefined" : "Literal"
    }
  }, {
    "iri" : "http://www.w3.org/2000/01/rdf-schema#Class",
    "baseIri" : "http://www.w3.org/2000/01/rdf-schema",
    "instances" : 0,
    "label" : {
      "IRI-based" : "Class"
    },
    "attributes" : [ "external" ],
    "id" : "126"
  }, {
    "iri" : "http://xmlns.com/foaf/0.1/Document",
    "equivalent" : [ "37" ],
    "baseIri" : "http://xmlns.com/foaf/0.1",
    "instances" : 0,
    "annotations" : {
      "isDefinedBy" : [ {
        "identifier" : "isDefinedBy",
        "language" : "undefined",
        "value" : "http://xmlns.com/foaf/0.1/",
        "type" : "iri"
      } ],
      "term_status" : [ {
        "identifier" : "term_status",
        "language" : "undefined",
        "value" : "stable",
        "type" : "label"
      } ]
    },
    "label" : {
      "IRI-based" : "Document",
      "undefined" : "Document"
    },
    "subClasses" : [ "71", "32" ],
    "comment" : {
      "undefined" : "A document."
    },
    "attributes" : [ "equivalent" ],
    "id" : "2"
  }, {
    "iri" : "http://xmlns.com/foaf/0.1/Image",
    "equivalent" : [ "102" ],
    "baseIri" : "http://xmlns.com/foaf/0.1",
    "instances" : 0,
    "annotations" : {
      "isDefinedBy" : [ {
        "identifier" : "isDefinedBy",
        "language" : "undefined",
        "value" : "http://xmlns.com/foaf/0.1/",
        "type" : "iri"
      } ],
      "term_status" : [ {
        "identifier" : "term_status",
        "language" : "undefined",
        "value" : "stable",
        "type" : "label"
      } ]
    },
    "label" : {
      "IRI-based" : "Image",
      "undefined" : "Image"
    },
    "comment" : {
      "undefined" : "An image."
    },
    "attributes" : [ "equivalent" ],
    "id" : "32",
    "superClasses" : [ "2" ]
  }, {
    "iri" : "http://xmlns.com/foaf/0.1/Group",
    "baseIri" : "http://xmlns.com/foaf/0.1",
    "instances" : 0,
    "annotations" : {
      "term_status" : [ {
        "identifier" : "term_status",
        "language" : "undefined",
        "value" : "stable",
        "type" : "label"
      } ]
    },
    "label" : {
      "IRI-based" : "Group",
      "undefined" : "Group"
    },
    "comment" : {
      "undefined" : "A class of Agents."
    },
    "id" : "10",
    "superClasses" : [ "1" ]
  } ],
  "property" : [ {
    "id" : "0",
    "type" : "owl:objectProperty"
  }, {
    "id" : "4",
    "type" : "owl:datatypeProperty"
  }, {
    "id" : "7",
    "type" : "owl:datatypeProperty"
  }, {
    "id" : "14",
    "type" : "owl:objectProperty"
  }, {
    "id" : "16",
    "type" : "owl:objectProperty"
  }, {
    "id" : "17",
    "type" : "owl:objectProperty"
  }, {
    "id" : "23",
    "type" : "owl:objectProperty"
  }, {
    "id" : "25",
    "type" : "owl:objectProperty"
  }, {
    "id" : "28",
    "type" : "owl:objectProperty"
  }, {
    "id" : "30",
    "type" : "owl:objectProperty"
  }, {
    "id" : "31",
    "type" : "owl:objectProperty"
  }, {
    "id" : "35",
    "type" : "owl:objectProperty"
  }, {
    "id" : "38",
    "type" : "owl:objectProperty"
  }, {
    "id" : "44",
    "type" : "owl:datatypeProperty"
  }, {
    "id" : "47",
    "type" : "owl:objectProperty"
  }, {
    "id" : "48",
    "type" : "owl:datatypeProperty"
  }, {
    "id" : "50",
    "type" : "owl:objectProperty"
  }, {
    "id" : "51",
    "type" : "owl:datatypeProperty"
  }, {
    "id" : "54",
    "type" : "owl:datatypeProperty"
  }, {
    "id" : "57",
    "type" : "owl:datatypeProperty"
  }, {
    "id" : "65",
    "type" : "owl:datatypeProperty"
  }, {
    "id" : "66",
    "type" : "owl:datatypeProperty"
  }, {
    "id" : "67",
    "type" : "owl:datatypeProperty"
  }, {
    "id" : "70",
    "type" : "owl:datatypeProperty"
  }, {
    "id" : "72",
    "type" : "owl:datatypeProperty"
  }, {
    "id" : "15",
    "type" : "owl:objectProperty"
  }, {
    "id" : "74",
    "type" : "rdfs:SubClassOf"
  }, {
    "id" : "75",
    "type" : "rdfs:SubClassOf"
  }, {
    "id" : "76",
    "type" : "rdfs:SubClassOf"
  }, {
    "id" : "79",
    "type" : "rdfs:SubClassOf"
  }, {
    "id" : "80",
    "type" : "owl:objectProperty"
  }, {
    "id" : "81",
    "type" : "owl:objectProperty"
  }, {
    "id" : "82",
    "type" : "rdfs:SubClassOf"
  }, {
    "id" : "34",
    "type" : "owl:objectProperty"
  }, {
    "id" : "85",
    "type" : "rdfs:SubClassOf"
  }, {
    "id" : "87",
    "type" : "owl:datatypeProperty"
  }, {
    "id" : "89",
    "type" : "rdfs:SubClassOf"
  }, {
    "id" : "90",
    "type" : "rdfs:SubClassOf"
  }, {
    "id" : "91",
    "type" : "owl:objectProperty"
  }, {
    "id" : "92",
    "type" : "owl:datatypeProperty"
  }, {
    "id" : "95",
    "type" : "owl:datatypeProperty"
  }, {
    "id" : "96",
    "type" : "owl:objectProperty"
  }, {
    "id" : "97",
    "type" : "owl:datatypeProperty"
  }, {
    "id" : "98",
    "type" : "rdfs:SubClassOf"
  }, {
    "id" : "99",
    "type" : "owl:datatypeProperty"
  }, {
    "id" : "43",
    "type" : "owl:objectProperty"
  }, {
    "id" : "42",
    "type" : "owl:objectProperty"
  }, {
    "id" : "103",
    "type" : "owl:datatypeProperty"
  }, {
    "id" : "104",
    "type" : "owl:objectProperty"
  }, {
    "id" : "105",
    "type" : "owl:datatypeProperty"
  }, {
    "id" : "107",
    "type" : "owl:objectProperty"
  }, {
    "id" : "108",
    "type" : "owl:datatypeProperty"
  }, {
    "id" : "109",
    "type" : "owl:objectProperty"
  }, {
    "id" : "110",
    "type" : "owl:objectProperty"
  }, {
    "id" : "40",
    "type" : "owl:objectProperty"
  }, {
    "id" : "41",
    "type" : "owl:objectProperty"
  }, {
    "id" : "84",
    "type" : "owl:objectProperty"
  }, {
    "id" : "111",
    "type" : "owl:datatypeProperty"
  }, {
    "id" : "112",
    "type" : "owl:datatypeProperty"
  }, {
    "id" : "113",
    "type" : "owl:datatypeProperty"
  }, {
    "id" : "114",
    "type" : "owl:objectProperty"
  }, {
    "id" : "116",
    "type" : "owl:disjointWith"
  }, {
    "id" : "117",
    "type" : "owl:disjointWith"
  }, {
    "id" : "119",
    "type" : "owl:datatypeProperty"
  }, {
    "id" : "120",
    "type" : "owl:disjointWith"
  }, {
    "id" : "121",
    "type" : "owl:disjointWith"
  }, {
    "id" : "122",
    "type" : "owl:objectProperty"
  }, {
    "id" : "123",
    "type" : "owl:datatypeProperty"
  }, {
    "id" : "124",
    "type" : "owl:objectProperty"
  }, {
    "id" : "125",
    "type" : "owl:datatypeProperty"
  }, {
    "id" : "127",
    "type" : "owl:datatypeProperty"
  }, {
    "id" : "115",
    "type" : "owl:objectProperty"
  }, {
    "id" : "128",
    "type" : "owl:objectProperty"
  }, {
    "id" : "129",
    "type" : "owl:objectProperty"
  } ],
  "propertyAttribute" : [ {
    "iri" : "http://xmlns.com/foaf/0.1/interest",
    "baseIri" : "http://xmlns.com/foaf/0.1",
    "range" : "2",
    "annotations" : {
      "isDefinedBy" : [ {
        "identifier" : "isDefinedBy",
        "language" : "undefined",
        "value" : "http://xmlns.com/foaf/0.1/",
        "type" : "iri"
      } ],
      "term_status" : [ {
        "identifier" : "term_status",
        "language" : "undefined",
        "value" : "testing",
        "type" : "label"
      } ]
    },
    "label" : {
      "IRI-based" : "interest",
      "undefined" : "interest"
    },
    "domain" : "1",
    "comment" : {
      "undefined" : "A page about a topic of interest to this person."
    },
    "attributes" : [ "object" ],
    "id" : "0"
  }, {
    "iri" : "http://xmlns.com/foaf/0.1/mbox_sha1sum",
    "baseIri" : "http://xmlns.com/foaf/0.1",
    "range" : "6",
    "annotations" : {
      "isDefinedBy" : [ {
        "identifier" : "isDefinedBy",
        "language" : "undefined",
        "value" : "http://xmlns.com/foaf/0.1/",
        "type" : "iri"
      } ],
      "term_status" : [ {
        "identifier" : "term_status",
        "language" : "undefined",
        "value" : "testing",
        "type" : "label"
      } ]
    },
    "label" : {
      "IRI-based" : "mbox_sha1sum",
      "undefined" : "sha1sum of a personal mailbox URI name"
    },
    "domain" : "5",
    "comment" : {
      "undefined" : "The sha1sum of the URI of an Internet mailbox associated with exactly one owner, the  first owner of the mailbox."
    },
    "attributes" : [ "datatype" ],
    "id" : "4"
  }, {
    "iri" : "http://xmlns.com/foaf/0.1/nick",
    "baseIri" : "http://xmlns.com/foaf/0.1",
    "range" : "8",
    "annotations" : {
      "isDefinedBy" : [ {
        "identifier" : "isDefinedBy",
        "language" : "undefined",
        "value" : "http://xmlns.com/foaf/0.1/",
        "type" : "iri"
      } ],
      "term_status" : [ {
        "identifier" : "term_status",
        "language" : "undefined",
        "value" : "testing",
        "type" : "label"
      } ]
    },
    "label" : {
      "IRI-based" : "nick",
      "undefined" : "nickname"
    },
    "domain" : "5",
    "comment" : {
      "undefined" : "A short informal nickname characterising an agent (includes login identifiers, IRC and other chat nicknames)."
    },
    "attributes" : [ "datatype" ],
    "id" : "7"
  }, {
    "iri" : "http://xmlns.com/foaf/0.1/openid",
    "baseIri" : "http://xmlns.com/foaf/0.1",
    "range" : "2",
    "annotations" : {
      "isDefinedBy" : [ {
        "identifier" : "isDefinedBy",
        "language" : "undefined",
        "value" : "http://xmlns.com/foaf/0.1/",
        "type" : "iri"
      } ],
      "term_status" : [ {
        "identifier" : "term_status",
        "language" : "undefined",
        "value" : "testing",
        "type" : "label"
      } ]
    },
    "label" : {
      "IRI-based" : "openid",
      "undefined" : "openid"
    },
    "superproperty" : [ "15" ],
    "domain" : "1",
    "comment" : {
      "undefined" : "An OpenID for an Agent."
    },
    "attributes" : [ "object", "inverse functional" ],
    "id" : "14"
  }, {
    "iri" : "http://xmlns.com/foaf/0.1/workInfoHomepage",
    "baseIri" : "http://xmlns.com/foaf/0.1",
    "range" : "2",
    "annotations" : {
      "isDefinedBy" : [ {
        "identifier" : "isDefinedBy",
        "language" : "undefined",
        "value" : "http://xmlns.com/foaf/0.1/",
        "type" : "iri"
      } ],
      "term_status" : [ {
        "identifier" : "term_status",
        "language" : "undefined",
        "value" : "testing",
        "type" : "label"
      } ]
    },
    "label" : {
      "IRI-based" : "workInfoHomepage",
      "undefined" : "work info homepage"
    },
    "domain" : "12",
    "comment" : {
      "undefined" : "A work info homepage of some person; a page about their work for some organization."
    },
    "attributes" : [ "object" ],
    "id" : "16"
  }, {
    "iri" : "http://xmlns.com/foaf/0.1/pastProject",
    "baseIri" : "http://xmlns.com/foaf/0.1",
    "range" : "3",
    "annotations" : {
      "isDefinedBy" : [ {
        "identifier" : "isDefinedBy",
        "language" : "undefined",
        "value" : "http://xmlns.com/foaf/0.1/",
        "type" : "iri"
      } ],
      "term_status" : [ {
        "identifier" : "term_status",
        "language" : "undefined",
        "value" : "testing",
        "type" : "label"
      } ]
    },
    "label" : {
      "IRI-based" : "pastProject",
      "undefined" : "past project"
    },
    "domain" : "12",
    "comment" : {
      "undefined" : "A project this person has previously worked on."
    },
    "attributes" : [ "object" ],
    "id" : "17"
  }, {
    "iri" : "http://xmlns.com/foaf/0.1/theme",
    "baseIri" : "http://xmlns.com/foaf/0.1",
    "range" : "19",
    "annotations" : {
      "isDefinedBy" : [ {
        "identifier" : "isDefinedBy",
        "language" : "undefined",
        "value" : "http://xmlns.com/foaf/0.1/",
        "type" : "iri"
      } ],
      "term_status" : [ {
        "identifier" : "term_status",
        "language" : "undefined",
        "value" : "archaic",
        "type" : "label"
      } ]
    },
    "label" : {
      "IRI-based" : "theme",
      "undefined" : "theme"
    },
    "domain" : "19",
    "comment" : {
      "undefined" : "A theme."
    },
    "attributes" : [ "object" ],
    "id" : "23"
  }, {
    "iri" : "http://xmlns.com/foaf/0.1/knows",
    "baseIri" : "http://xmlns.com/foaf/0.1",
    "range" : "12",
    "annotations" : {
      "isDefinedBy" : [ {
        "identifier" : "isDefinedBy",
        "language" : "undefined",
        "value" : "http://xmlns.com/foaf/0.1/",
        "type" : "iri"
      } ],
      "term_status" : [ {
        "identifier" : "term_status",
        "language" : "undefined",
        "value" : "stable",
        "type" : "label"
      } ]
    },
    "label" : {
      "IRI-based" : "knows",
      "undefined" : "knows"
    },
    "domain" : "12",
    "comment" : {
      "undefined" : "A person known by this person (indicating some level of reciprocated interaction between the parties)."
    },
    "attributes" : [ "object" ],
    "id" : "25"
  }, {
    "iri" : "http://xmlns.com/foaf/0.1/focus",
    "baseIri" : "http://xmlns.com/foaf/0.1",
    "range" : "29",
    "annotations" : {
      "isDefinedBy" : [ {
        "identifier" : "isDefinedBy",
        "language" : "undefined",
        "value" : "http://xmlns.com/foaf/0.1/",
        "type" : "iri"
      } ],
      "term_status" : [ {
        "identifier" : "term_status",
        "language" : "undefined",
        "value" : "testing",
        "type" : "label"
      } ]
    },
    "label" : {
      "IRI-based" : "focus",
      "undefined" : "focus"
    },
    "domain" : "9",
    "comment" : {
      "undefined" : "The underlying or 'focal' entity associated with some SKOS-described concept."
    },
    "attributes" : [ "object" ],
    "id" : "28"
  }, {
    "iri" : "http://xmlns.com/foaf/0.1/phone",
    "baseIri" : "http://xmlns.com/foaf/0.1",
    "range" : "19",
    "annotations" : {
      "isDefinedBy" : [ {
        "identifier" : "isDefinedBy",
        "language" : "undefined",
        "value" : "http://xmlns.com/foaf/0.1/",
        "type" : "iri"
      } ],
      "term_status" : [ {
        "identifier" : "term_status",
        "language" : "undefined",
        "value" : "testing",
        "type" : "label"
      } ]
    },
    "label" : {
      "IRI-based" : "phone",
      "undefined" : "phone"
    },
    "domain" : "19",
    "comment" : {
      "undefined" : "A phone,  specified using fully qualified tel: URI scheme (refs: http://www.w3.org/Addressing/schemes.html#tel)."
    },
    "attributes" : [ "object" ],
    "id" : "30"
  }, {
    "iri" : "http://xmlns.com/foaf/0.1/depicts",
    "inverse" : "34",
    "baseIri" : "http://xmlns.com/foaf/0.1",
    "range" : "33",
    "annotations" : {
      "isDefinedBy" : [ {
        "identifier" : "isDefinedBy",
        "language" : "undefined",
        "value" : "http://xmlns.com/foaf/0.1/",
        "type" : "iri"
      } ],
      "term_status" : [ {
        "identifier" : "term_status",
        "language" : "undefined",
        "value" : "testing",
        "type" : "label"
      } ]
    },
    "label" : {
      "IRI-based" : "depicts",
      "undefined" : "depicts"
    },
    "domain" : "32",
    "comment" : {
      "undefined" : "A thing depicted in this representation."
    },
    "attributes" : [ "object" ],
    "id" : "31"
  }, {
    "iri" : "http://xmlns.com/foaf/0.1/based_near",
    "baseIri" : "http://xmlns.com/foaf/0.1",
    "range" : "36",
    "annotations" : {
      "isDefinedBy" : [ {
        "identifier" : "isDefinedBy",
        "language" : "undefined",
        "value" : "http://xmlns.com/foaf/0.1/",
        "type" : "iri"
      } ],
      "term_status" : [ {
        "identifier" : "term_status",
        "language" : "undefined",
        "value" : "testing",
        "type" : "label"
      } ]
    },
    "label" : {
      "IRI-based" : "based_near",
      "undefined" : "based near"
    },
    "domain" : "36",
    "comment" : {
      "undefined" : "A location that something is based near, for some broadly human notion of near."
    },
    "attributes" : [ "object" ],
    "id" : "35"
  }, {
    "iri" : "http://xmlns.com/foaf/0.1/page",
    "inverse" : "40",
    "baseIri" : "http://xmlns.com/foaf/0.1",
    "range" : "2",
    "annotations" : {
      "isDefinedBy" : [ {
        "identifier" : "isDefinedBy",
        "language" : "undefined",
        "value" : "http://xmlns.com/foaf/0.1/",
        "type" : "iri"
      } ],
      "term_status" : [ {
        "identifier" : "term_status",
        "language" : "undefined",
        "value" : "stable",
        "type" : "label"
      } ]
    },
    "label" : {
      "IRI-based" : "page",
      "undefined" : "page"
    },
    "domain" : "39",
    "subproperty" : [ "15", "41", "42", "43" ],
    "comment" : {
      "undefined" : "A page or document about this thing."
    },
    "attributes" : [ "object" ],
    "id" : "38"
  }, {
    "iri" : "http://xmlns.com/foaf/0.1/geekcode",
    "baseIri" : "http://xmlns.com/foaf/0.1",
    "range" : "26",
    "annotations" : {
      "isDefinedBy" : [ {
        "identifier" : "isDefinedBy",
        "language" : "undefined",
        "value" : "http://xmlns.com/foaf/0.1/",
        "type" : "iri"
      } ],
      "term_status" : [ {
        "identifier" : "term_status",
        "language" : "undefined",
        "value" : "archaic",
        "type" : "label"
      } ]
    },
    "label" : {
      "IRI-based" : "geekcode",
      "undefined" : "geekcode"
    },
    "domain" : "12",
    "comment" : {
      "undefined" : "A textual geekcode for this person, see http://www.geekcode.com/geek.html"
    },
    "attributes" : [ "datatype" ],
    "id" : "44"
  }, {
    "iri" : "http://xmlns.com/foaf/0.1/primaryTopic",
    "inverse" : "15",
    "baseIri" : "http://xmlns.com/foaf/0.1",
    "range" : "39",
    "annotations" : {
      "isDefinedBy" : [ {
        "identifier" : "isDefinedBy",
        "language" : "undefined",
        "value" : "http://xmlns.com/foaf/0.1/",
        "type" : "iri"
      } ],
      "term_status" : [ {
        "identifier" : "term_status",
        "language" : "undefined",
        "value" : "stable",
        "type" : "label"
      } ]
    },
    "label" : {
      "IRI-based" : "primaryTopic",
      "undefined" : "primary topic"
    },
    "domain" : "2",
    "comment" : {
      "undefined" : "The primary topic of some page or document."
    },
    "attributes" : [ "object", "functional" ],
    "id" : "47"
  }, {
    "iri" : "http://xmlns.com/foaf/0.1/givenName",
    "baseIri" : "http://xmlns.com/foaf/0.1",
    "range" : "49",
    "annotations" : {
      "isDefinedBy" : [ {
        "identifier" : "isDefinedBy",
        "language" : "undefined",
        "value" : "http://xmlns.com/foaf/0.1/",
        "type" : "iri"
      } ],
      "term_status" : [ {
        "identifier" : "term_status",
        "language" : "undefined",
        "value" : "testing",
        "type" : "label"
      } ]
    },
    "label" : {
      "IRI-based" : "givenName",
      "undefined" : "Given name"
    },
    "domain" : "19",
    "comment" : {
      "undefined" : "The given name of some person."
    },
    "attributes" : [ "datatype" ],
    "id" : "48"
  }, {
    "iri" : "http://xmlns.com/foaf/0.1/schoolHomepage",
    "baseIri" : "http://xmlns.com/foaf/0.1",
    "range" : "2",
    "annotations" : {
      "isDefinedBy" : [ {
        "identifier" : "isDefinedBy",
        "language" : "undefined",
        "value" : "http://xmlns.com/foaf/0.1/",
        "type" : "iri"
      } ],
      "term_status" : [ {
        "identifier" : "term_status",
        "language" : "undefined",
        "value" : "testing",
        "type" : "label"
      } ]
    },
    "label" : {
      "IRI-based" : "schoolHomepage",
      "undefined" : "schoolHomepage"
    },
    "domain" : "12",
    "comment" : {
      "undefined" : "A homepage of a school attended by the person."
    },
    "attributes" : [ "object" ],
    "id" : "50"
  }, {
    "iri" : "http://xmlns.com/foaf/0.1/gender",
    "baseIri" : "http://xmlns.com/foaf/0.1",
    "range" : "52",
    "annotations" : {
      "isDefinedBy" : [ {
        "identifier" : "isDefinedBy",
        "language" : "undefined",
        "value" : "http://xmlns.com/foaf/0.1/",
        "type" : "iri"
      } ],
      "term_status" : [ {
        "identifier" : "term_status",
        "language" : "undefined",
        "value" : "testing",
        "type" : "label"
      } ]
    },
    "label" : {
      "IRI-based" : "gender",
      "undefined" : "gender"
    },
    "domain" : "1",
    "comment" : {
      "undefined" : "The gender of this Agent (typically but not necessarily 'male' or 'female')."
    },
    "attributes" : [ "datatype", "functional" ],
    "id" : "51"
  }, {
    "iri" : "http://xmlns.com/foaf/0.1/dnaChecksum",
    "baseIri" : "http://xmlns.com/foaf/0.1",
    "range" : "55",
    "annotations" : {
      "isDefinedBy" : [ {
        "identifier" : "isDefinedBy",
        "language" : "undefined",
        "value" : "http://xmlns.com/foaf/0.1/",
        "type" : "iri"
      } ],
      "term_status" : [ {
        "identifier" : "term_status",
        "language" : "undefined",
        "value" : "archaic",
        "type" : "label"
      } ]
    },
    "label" : {
      "IRI-based" : "dnaChecksum",
      "undefined" : "DNA checksum"
    },
    "domain" : "19",
    "comment" : {
      "undefined" : "A checksum for the DNA of some thing. Joke."
    },
    "attributes" : [ "datatype" ],
    "id" : "54"
  }, {
    "iri" : "http://xmlns.com/foaf/0.1/lastName",
    "baseIri" : "http://xmlns.com/foaf/0.1",
    "range" : "58",
    "annotations" : {
      "isDefinedBy" : [ {
        "identifier" : "isDefinedBy",
        "language" : "undefined",
        "value" : "http://xmlns.com/foaf/0.1/",
        "type" : "iri"
      } ],
      "term_status" : [ {
        "identifier" : "term_status",
        "language" : "undefined",
        "value" : "testing",
        "type" : "label"
      } ]
    },
    "label" : {
      "IRI-based" : "lastName",
      "undefined" : "lastName"
    },
    "domain" : "12",
    "comment" : {
      "undefined" : "The last name of a person."
    },
    "attributes" : [ "datatype" ],
    "id" : "57"
  }, {
    "iri" : "http://xmlns.com/foaf/0.1/status",
    "baseIri" : "http://xmlns.com/foaf/0.1",
    "range" : "45",
    "annotations" : {
      "isDefinedBy" : [ {
        "identifier" : "isDefinedBy",
        "language" : "undefined",
        "value" : "http://xmlns.com/foaf/0.1/",
        "type" : "iri"
      } ],
      "term_status" : [ {
        "identifier" : "term_status",
        "language" : "undefined",
        "value" : "unstable",
        "type" : "label"
      } ]
    },
    "label" : {
      "IRI-based" : "status",
      "undefined" : "status"
    },
    "domain" : "1",
    "comment" : {
      "undefined" : "A string expressing what the user is happy for the general public (normally) to know about their current activity."
    },
    "attributes" : [ "datatype" ],
    "id" : "65"
  }, {
    "iri" : "http://xmlns.com/foaf/0.1/yahooChatID",
    "baseIri" : "http://xmlns.com/foaf/0.1",
    "range" : "46",
    "annotations" : {
      "isDefinedBy" : [ {
        "identifier" : "isDefinedBy",
        "language" : "undefined",
        "value" : "http://xmlns.com/foaf/0.1/",
        "type" : "iri"
      } ],
      "term_status" : [ {
        "identifier" : "term_status",
        "language" : "undefined",
        "value" : "testing",
        "type" : "label"
      } ]
    },
    "label" : {
      "IRI-based" : "yahooChatID",
      "undefined" : "Yahoo chat ID"
    },
    "domain" : "19",
    "comment" : {
      "undefined" : "A Yahoo chat ID"
    },
    "attributes" : [ "datatype" ],
    "id" : "66"
  }, {
    "iri" : "http://xmlns.com/foaf/0.1/name",
    "baseIri" : "http://xmlns.com/foaf/0.1",
    "range" : "68",
    "annotations" : {
      "isDefinedBy" : [ {
        "identifier" : "isDefinedBy",
        "language" : "undefined",
        "value" : "http://xmlns.com/foaf/0.1/",
        "type" : "iri"
      } ],
      "term_status" : [ {
        "identifier" : "term_status",
        "language" : "undefined",
        "value" : "testing",
        "type" : "label"
      } ]
    },
    "label" : {
      "IRI-based" : "name",
      "undefined" : "name"
    },
    "domain" : "19",
    "comment" : {
      "undefined" : "A name for some thing."
    },
    "attributes" : [ "datatype" ],
    "id" : "67"
  }, {
    "iri" : "http://xmlns.com/foaf/0.1/icqChatID",
    "baseIri" : "http://xmlns.com/foaf/0.1",
    "range" : "53",
    "annotations" : {
      "isDefinedBy" : [ {
        "identifier" : "isDefinedBy",
        "language" : "undefined",
        "value" : "http://xmlns.com/foaf/0.1/",
        "type" : "iri"
      } ],
      "term_status" : [ {
        "identifier" : "term_status",
        "language" : "undefined",
        "value" : "testing",
        "type" : "label"
      } ]
    },
    "label" : {
      "IRI-based" : "icqChatID",
      "undefined" : "ICQ chat ID"
    },
    "domain" : "19",
    "comment" : {
      "undefined" : "An ICQ chat ID"
    },
    "attributes" : [ "datatype" ],
    "id" : "70"
  }, {
    "iri" : "http://xmlns.com/foaf/0.1/givenname",
    "baseIri" : "http://xmlns.com/foaf/0.1",
    "range" : "73",
    "annotations" : {
      "isDefinedBy" : [ {
        "identifier" : "isDefinedBy",
        "language" : "undefined",
        "value" : "http://xmlns.com/foaf/0.1/",
        "type" : "iri"
      } ],
      "term_status" : [ {
        "identifier" : "term_status",
        "language" : "undefined",
        "value" : "archaic",
        "type" : "label"
      } ]
    },
    "label" : {
      "IRI-based" : "givenname",
      "undefined" : "Given name"
    },
    "domain" : "19",
    "comment" : {
      "undefined" : "The given name of some person."
    },
    "attributes" : [ "datatype" ],
    "id" : "72"
  }, {
    "iri" : "http://xmlns.com/foaf/0.1/isPrimaryTopicOf",
    "baseIri" : "http://xmlns.com/foaf/0.1",
    "range" : "2",
    "annotations" : {
      "isDefinedBy" : [ {
        "identifier" : "isDefinedBy",
        "language" : "undefined",
        "value" : "http://xmlns.com/foaf/0.1/",
        "type" : "iri"
      } ],
      "term_status" : [ {
        "identifier" : "term_status",
        "language" : "undefined",
        "value" : "stable",
        "type" : "label"
      } ]
    },
    "label" : {
      "IRI-based" : "isPrimaryTopicOf",
      "undefined" : "is primary topic of"
    },
    "superproperty" : [ "38" ],
    "domain" : "39",
    "subproperty" : [ "14", "43" ],
    "comment" : {
      "undefined" : "A document that this thing is the primary topic of."
    },
    "attributes" : [ "object", "inverse functional" ],
    "id" : "15"
  }, {
    "range" : "2",
    "domain" : "32",
    "attributes" : [ "anonymous", "object" ],
    "id" : "74"
  }, {
    "range" : "2",
    "domain" : "71",
    "attributes" : [ "anonymous", "object" ],
    "id" : "75"
  }, {
    "range" : "78",
    "domain" : "77",
    "attributes" : [ "anonymous", "object" ],
    "id" : "76"
  }, {
    "range" : "36",
    "domain" : "12",
    "attributes" : [ "anonymous", "object" ],
    "id" : "79"
  }, {
    "iri" : "http://xmlns.com/foaf/0.1/accountServiceHomepage",
    "baseIri" : "http://xmlns.com/foaf/0.1",
    "range" : "2",
    "annotations" : {
      "isDefinedBy" : [ {
        "identifier" : "isDefinedBy",
        "language" : "undefined",
        "value" : "http://xmlns.com/foaf/0.1/",
        "type" : "iri"
      } ],
      "term_status" : [ {
        "identifier" : "term_status",
        "language" : "undefined",
        "value" : "testing",
        "type" : "label"
      } ]
    },
    "label" : {
      "IRI-based" : "accountServiceHomepage",
      "undefined" : "account service homepage"
    },
    "domain" : "78",
    "comment" : {
      "undefined" : "Indicates a homepage of the service provide for this online account."
    },
    "attributes" : [ "object" ],
    "id" : "80"
  }, {
    "iri" : "http://xmlns.com/foaf/0.1/logo",
    "baseIri" : "http://xmlns.com/foaf/0.1",
    "range" : "19",
    "annotations" : {
      "isDefinedBy" : [ {
        "identifier" : "isDefinedBy",
        "language" : "undefined",
        "value" : "http://xmlns.com/foaf/0.1/",
        "type" : "iri"
      } ],
      "term_status" : [ {
        "identifier" : "term_status",
        "language" : "undefined",
        "value" : "testing",
        "type" : "label"
      } ]
    },
    "label" : {
      "IRI-based" : "logo",
      "undefined" : "logo"
    },
    "domain" : "19",
    "comment" : {
      "undefined" : "A logo representing some thing."
    },
    "attributes" : [ "object", "inverse functional" ],
    "id" : "81"
  }, {
    "range" : "78",
    "domain" : "83",
    "attributes" : [ "anonymous", "object" ],
    "id" : "82"
  }, {
    "iri" : "http://xmlns.com/foaf/0.1/depiction",
    "baseIri" : "http://xmlns.com/foaf/0.1",
    "range" : "32",
    "annotations" : {
      "isDefinedBy" : [ {
        "identifier" : "isDefinedBy",
        "language" : "undefined",
        "value" : "http://xmlns.com/foaf/0.1/",
        "type" : "iri"
      } ],
      "term_status" : [ {
        "identifier" : "term_status",
        "language" : "undefined",
        "value" : "testing",
        "type" : "label"
      } ]
    },
    "label" : {
      "IRI-based" : "depiction",
      "undefined" : "depiction"
    },
    "domain" : "33",
    "subproperty" : [ "84" ],
    "comment" : {
      "undefined" : "A depiction of some thing."
    },
    "attributes" : [ "object" ],
    "id" : "34"
  }, {
    "range" : "78",
    "domain" : "86",
    "attributes" : [ "anonymous", "object" ],
    "id" : "85"
  }, {
    "iri" : "http://xmlns.com/foaf/0.1/family_name",
    "baseIri" : "http://xmlns.com/foaf/0.1",
    "range" : "88",
    "annotations" : {
      "isDefinedBy" : [ {
        "identifier" : "isDefinedBy",
        "language" : "undefined",
        "value" : "http://xmlns.com/foaf/0.1/",
        "type" : "iri"
      } ],
      "term_status" : [ {
        "identifier" : "term_status",
        "language" : "undefined",
        "value" : "archaic",
        "type" : "label"
      } ]
    },
    "label" : {
      "IRI-based" : "family_name",
      "undefined" : "family_name"
    },
    "domain" : "12",
    "comment" : {
      "undefined" : "The family name of some person."
    },
    "attributes" : [ "datatype" ],
    "id" : "87"
  }, {
    "range" : "1",
    "domain" : "12",
    "attributes" : [ "anonymous", "object" ],
    "id" : "89"
  }, {
    "range" : "1",
    "domain" : "11",
    "attributes" : [ "anonymous", "object" ],
    "id" : "90"
  }, {
    "iri" : "http://xmlns.com/foaf/0.1/fundedBy",
    "baseIri" : "http://xmlns.com/foaf/0.1",
    "range" : "19",
    "annotations" : {
      "isDefinedBy" : [ {
        "identifier" : "isDefinedBy",
        "language" : "undefined",
        "value" : "http://xmlns.com/foaf/0.1/",
        "type" : "iri"
      } ],
      "term_status" : [ {
        "identifier" : "term_status",
        "language" : "undefined",
        "value" : "archaic",
        "type" : "label"
      } ]
    },
    "label" : {
      "IRI-based" : "fundedBy",
      "undefined" : "funded by"
    },
    "domain" : "19",
    "comment" : {
      "undefined" : "An organization funding a project or person."
    },
    "attributes" : [ "object" ],
    "id" : "91"
  }, {
    "iri" : "http://xmlns.com/foaf/0.1/title",
    "baseIri" : "http://xmlns.com/foaf/0.1",
    "range" : "93",
    "annotations" : {
      "isDefinedBy" : [ {
        "identifier" : "isDefinedBy",
        "language" : "undefined",
        "value" : "http://xmlns.com/foaf/0.1/",
        "type" : "iri"
      } ],
      "term_status" : [ {
        "identifier" : "term_status",
        "language" : "undefined",
        "value" : "testing",
        "type" : "label"
      } ]
    },
    "label" : {
      "IRI-based" : "title",
      "undefined" : "title"
    },
    "domain" : "19",
    "comment" : {
      "undefined" : "Title (Mr, Mrs, Ms, Dr. etc)"
    },
    "attributes" : [ "datatype" ],
    "id" : "92"
  }, {
    "iri" : "http://xmlns.com/foaf/0.1/accountName",
    "baseIri" : "http://xmlns.com/foaf/0.1",
    "range" : "59",
    "annotations" : {
      "isDefinedBy" : [ {
        "identifier" : "isDefinedBy",
        "language" : "undefined",
        "value" : "http://xmlns.com/foaf/0.1/",
        "type" : "iri"
      } ],
      "term_status" : [ {
        "identifier" : "term_status",
        "language" : "undefined",
        "value" : "testing",
        "type" : "label"
      } ]
    },
    "label" : {
      "IRI-based" : "accountName",
      "undefined" : "account name"
    },
    "domain" : "78",
    "comment" : {
      "undefined" : "Indicates the name (identifier) associated with this online account."
    },
    "attributes" : [ "datatype" ],
    "id" : "95"
  }, {
    "iri" : "http://xmlns.com/foaf/0.1/account",
    "baseIri" : "http://xmlns.com/foaf/0.1",
    "range" : "78",
    "annotations" : {
      "isDefinedBy" : [ {
        "identifier" : "isDefinedBy",
        "language" : "undefined",
        "value" : "http://xmlns.com/foaf/0.1/",
        "type" : "iri"
      } ],
      "term_status" : [ {
        "identifier" : "term_status",
        "language" : "undefined",
        "value" : "testing",
        "type" : "label"
      } ]
    },
    "label" : {
      "IRI-based" : "account",
      "undefined" : "account"
    },
    "domain" : "1",
    "comment" : {
      "undefined" : "Indicates an account held by this agent."
    },
    "attributes" : [ "object" ],
    "id" : "96"
  }, {
    "iri" : "http://xmlns.com/foaf/0.1/jabberID",
    "baseIri" : "http://xmlns.com/foaf/0.1",
    "range" : "69",
    "annotations" : {
      "isDefinedBy" : [ {
        "identifier" : "isDefinedBy",
        "language" : "undefined",
        "value" : "http://xmlns.com/foaf/0.1/",
        "type" : "iri"
      } ],
      "term_status" : [ {
        "identifier" : "term_status",
        "language" : "undefined",
        "value" : "testing",
        "type" : "label"
      } ]
    },
    "label" : {
      "IRI-based" : "jabberID",
      "undefined" : "jabber ID"
    },
    "domain" : "19",
    "comment" : {
      "undefined" : "A jabber ID for something."
    },
    "attributes" : [ "datatype" ],
    "id" : "97"
  }, {
    "range" : "1",
    "domain" : "10",
    "attributes" : [ "anonymous", "object" ],
    "id" : "98"
  }, {
    "iri" : "http://xmlns.com/foaf/0.1/age",
    "baseIri" : "http://xmlns.com/foaf/0.1",
    "range" : "100",
    "annotations" : {
      "isDefinedBy" : [ {
        "identifier" : "isDefinedBy",
        "language" : "undefined",
        "value" : "http://xmlns.com/foaf/0.1/",
        "type" : "iri"
      } ],
      "term_status" : [ {
        "identifier" : "term_status",
        "language" : "undefined",
        "value" : "unstable",
        "type" : "label"
      } ]
    },
    "label" : {
      "IRI-based" : "age",
      "undefined" : "age"
    },
    "domain" : "1",
    "comment" : {
      "undefined" : "The age in years of some agent."
    },
    "attributes" : [ "datatype", "functional" ],
    "id" : "99"
  }, {
    "iri" : "http://xmlns.com/foaf/0.1/homepage",
    "baseIri" : "http://xmlns.com/foaf/0.1",
    "range" : "2",
    "annotations" : {
      "isDefinedBy" : [ {
        "identifier" : "isDefinedBy",
        "language" : "undefined",
        "value" : "http://xmlns.com/foaf/0.1/",
        "type" : "iri"
      } ],
      "term_status" : [ {
        "identifier" : "term_status",
        "language" : "undefined",
        "value" : "stable",
        "type" : "label"
      } ]
    },
    "label" : {
      "IRI-based" : "homepage",
      "undefined" : "homepage"
    },
    "superproperty" : [ "15", "38" ],
    "domain" : "39",
    "comment" : {
      "undefined" : "A homepage for some thing."
    },
    "attributes" : [ "object", "inverse functional" ],
    "id" : "43"
  }, {
    "iri" : "http://xmlns.com/foaf/0.1/tipjar",
    "baseIri" : "http://xmlns.com/foaf/0.1",
    "range" : "2",
    "annotations" : {
      "isDefinedBy" : [ {
        "identifier" : "isDefinedBy",
        "language" : "undefined",
        "value" : "http://xmlns.com/foaf/0.1/",
        "type" : "iri"
      } ],
      "term_status" : [ {
        "identifier" : "term_status",
        "language" : "undefined",
        "value" : "testing",
        "type" : "label"
      } ]
    },
    "label" : {
      "IRI-based" : "tipjar",
      "undefined" : "tipjar"
    },
    "superproperty" : [ "38" ],
    "domain" : "1",
    "comment" : {
      "undefined" : "A tipjar document for this agent, describing means for payment and reward."
    },
    "attributes" : [ "object" ],
    "id" : "42"
  }, {
    "iri" : "http://xmlns.com/foaf/0.1/msnChatID",
    "baseIri" : "http://xmlns.com/foaf/0.1",
    "range" : "61",
    "annotations" : {
      "isDefinedBy" : [ {
        "identifier" : "isDefinedBy",
        "language" : "undefined",
        "value" : "http://xmlns.com/foaf/0.1/",
        "type" : "iri"
      } ],
      "term_status" : [ {
        "identifier" : "term_status",
        "language" : "undefined",
        "value" : "testing",
        "type" : "label"
      } ]
    },
    "label" : {
      "IRI-based" : "msnChatID",
      "undefined" : "MSN chat ID"
    },
    "domain" : "5",
    "comment" : {
      "undefined" : "An MSN chat ID"
    },
    "attributes" : [ "datatype" ],
    "id" : "103"
  }, {
    "iri" : "http://xmlns.com/foaf/0.1/topic_interest",
    "baseIri" : "http://xmlns.com/foaf/0.1",
    "range" : "18",
    "annotations" : {
      "isDefinedBy" : [ {
        "identifier" : "isDefinedBy",
        "language" : "undefined",
        "value" : "http://xmlns.com/foaf/0.1/",
        "type" : "iri"
      } ],
      "term_status" : [ {
        "identifier" : "term_status",
        "language" : "undefined",
        "value" : "testing",
        "type" : "label"
      } ]
    },
    "label" : {
      "IRI-based" : "topic_interest",
      "undefined" : "topic_interest"
    },
    "domain" : "1",
    "comment" : {
      "undefined" : "A thing of interest to this person."
    },
    "attributes" : [ "object" ],
    "id" : "104"
  }, {
    "iri" : "http://xmlns.com/foaf/0.1/aimChatID",
    "baseIri" : "http://xmlns.com/foaf/0.1",
    "range" : "106",
    "annotations" : {
      "isDefinedBy" : [ {
        "identifier" : "isDefinedBy",
        "language" : "undefined",
        "value" : "http://xmlns.com/foaf/0.1/",
        "type" : "iri"
      } ],
      "term_status" : [ {
        "identifier" : "term_status",
        "language" : "undefined",
        "value" : "testing",
        "type" : "label"
      } ]
    },
    "label" : {
      "IRI-based" : "aimChatID",
      "undefined" : "AIM chat ID"
    },
    "domain" : "19",
    "comment" : {
      "undefined" : "An AIM chat ID"
    },
    "attributes" : [ "datatype" ],
    "id" : "105"
  }, {
    "iri" : "http://xmlns.com/foaf/0.1/currentProject",
    "baseIri" : "http://xmlns.com/foaf/0.1",
    "range" : "3",
    "annotations" : {
      "isDefinedBy" : [ {
        "identifier" : "isDefinedBy",
        "language" : "undefined",
        "value" : "http://xmlns.com/foaf/0.1/",
        "type" : "iri"
      } ],
      "term_status" : [ {
        "identifier" : "term_status",
        "language" : "undefined",
        "value" : "testing",
        "type" : "label"
      } ]
    },
    "label" : {
      "IRI-based" : "currentProject",
      "undefined" : "current project"
    },
    "domain" : "12",
    "comment" : {
      "undefined" : "A current project this person works on."
    },
    "attributes" : [ "object" ],
    "id" : "107"
  }, {
    "iri" : "http://xmlns.com/foaf/0.1/skypeID",
    "baseIri" : "http://xmlns.com/foaf/0.1",
    "range" : "20",
    "annotations" : {
      "isDefinedBy" : [ {
        "identifier" : "isDefinedBy",
        "language" : "undefined",
        "value" : "http://xmlns.com/foaf/0.1/",
        "type" : "iri"
      } ],
      "term_status" : [ {
        "identifier" : "term_status",
        "language" : "undefined",
        "value" : "testing",
        "type" : "label"
      } ]
    },
    "label" : {
      "IRI-based" : "skypeID",
      "undefined" : "Skype ID"
    },
    "domain" : "1",
    "comment" : {
      "undefined" : "A Skype ID"
    },
    "attributes" : [ "datatype" ],
    "id" : "108"
  }, {
    "iri" : "http://xmlns.com/foaf/0.1/holdsAccount",
    "baseIri" : "http://xmlns.com/foaf/0.1",
    "range" : "78",
    "annotations" : {
      "isDefinedBy" : [ {
        "identifier" : "isDefinedBy",
        "language" : "undefined",
        "value" : "http://xmlns.com/foaf/0.1/",
        "type" : "iri"
      } ],
      "term_status" : [ {
        "identifier" : "term_status",
        "language" : "undefined",
        "value" : "archaic",
        "type" : "label"
      } ]
    },
    "label" : {
      "IRI-based" : "holdsAccount",
      "undefined" : "account"
    },
    "domain" : "1",
    "comment" : {
      "undefined" : "Indicates an account held by this agent."
    },
    "attributes" : [ "object" ],
    "id" : "109"
  }, {
    "iri" : "http://xmlns.com/foaf/0.1/thumbnail",
    "baseIri" : "http://xmlns.com/foaf/0.1",
    "range" : "32",
    "annotations" : {
      "isDefinedBy" : [ {
        "identifier" : "isDefinedBy",
        "language" : "undefined",
        "value" : "http://xmlns.com/foaf/0.1/",
        "type" : "iri"
      } ],
      "term_status" : [ {
        "identifier" : "term_status",
        "language" : "undefined",
        "value" : "testing",
        "type" : "label"
      } ]
    },
    "label" : {
      "IRI-based" : "thumbnail",
      "undefined" : "thumbnail"
    },
    "domain" : "32",
    "comment" : {
      "undefined" : "A derived thumbnail image."
    },
    "attributes" : [ "object" ],
    "id" : "110"
  }, {
    "iri" : "http://xmlns.com/foaf/0.1/topic",
    "baseIri" : "http://xmlns.com/foaf/0.1",
    "range" : "39",
    "annotations" : {
      "isDefinedBy" : [ {
        "identifier" : "isDefinedBy",
        "language" : "undefined",
        "value" : "http://xmlns.com/foaf/0.1/",
        "type" : "iri"
      } ],
      "term_status" : [ {
        "identifier" : "term_status",
        "language" : "undefined",
        "value" : "testing",
        "type" : "label"
      } ]
    },
    "label" : {
      "IRI-based" : "topic",
      "undefined" : "topic"
    },
    "domain" : "2",
    "comment" : {
      "undefined" : "A topic of some page or document."
    },
    "attributes" : [ "object" ],
    "id" : "40"
  }, {
    "iri" : "http://xmlns.com/foaf/0.1/weblog",
    "baseIri" : "http://xmlns.com/foaf/0.1",
    "range" : "2",
    "annotations" : {
      "isDefinedBy" : [ {
        "identifier" : "isDefinedBy",
        "language" : "undefined",
        "value" : "http://xmlns.com/foaf/0.1/",
        "type" : "iri"
      } ],
      "term_status" : [ {
        "identifier" : "term_status",
        "language" : "undefined",
        "value" : "stable",
        "type" : "label"
      } ]
    },
    "label" : {
      "IRI-based" : "weblog",
      "undefined" : "weblog"
    },
    "superproperty" : [ "38" ],
    "domain" : "1",
    "comment" : {
      "undefined" : "A weblog of some thing (whether person, group, company etc.)."
    },
    "attributes" : [ "object", "inverse functional" ],
    "id" : "41"
  }, {
    "iri" : "http://xmlns.com/foaf/0.1/img",
    "baseIri" : "http://xmlns.com/foaf/0.1",
    "range" : "32",
    "annotations" : {
      "isDefinedBy" : [ {
        "identifier" : "isDefinedBy",
        "language" : "undefined",
        "value" : "http://xmlns.com/foaf/0.1/",
        "type" : "iri"
      } ],
      "term_status" : [ {
        "identifier" : "term_status",
        "language" : "undefined",
        "value" : "testing",
        "type" : "label"
      } ]
    },
    "label" : {
      "IRI-based" : "img",
      "undefined" : "image"
    },
    "superproperty" : [ "34" ],
    "domain" : "12",
    "comment" : {
      "undefined" : "An image that can be used to represent some thing (ie. those depictions which are particularly representative of something, eg. one's photo on a homepage)."
    },
    "attributes" : [ "object" ],
    "id" : "84"
  }, {
    "iri" : "http://xmlns.com/foaf/0.1/birthday",
    "baseIri" : "http://xmlns.com/foaf/0.1",
    "range" : "56",
    "annotations" : {
      "isDefinedBy" : [ {
        "identifier" : "isDefinedBy",
        "language" : "undefined",
        "value" : "http://xmlns.com/foaf/0.1/",
        "type" : "iri"
      } ],
      "term_status" : [ {
        "identifier" : "term_status",
        "language" : "undefined",
        "value" : "unstable",
        "type" : "label"
      } ]
    },
    "label" : {
      "IRI-based" : "birthday",
      "undefined" : "birthday"
    },
    "domain" : "1",
    "comment" : {
      "undefined" : "The birthday of this Agent, represented in mm-dd string form, eg. '12-31'."
    },
    "attributes" : [ "datatype", "functional" ],
    "id" : "111"
  }, {
    "iri" : "http://xmlns.com/foaf/0.1/sha1",
    "baseIri" : "http://xmlns.com/foaf/0.1",
    "range" : "101",
    "annotations" : {
      "isDefinedBy" : [ {
        "identifier" : "isDefinedBy",
        "language" : "undefined",
        "value" : "http://xmlns.com/foaf/0.1/",
        "type" : "iri"
      } ],
      "term_status" : [ {
        "identifier" : "term_status",
        "language" : "undefined",
        "value" : "unstable",
        "type" : "label"
      } ]
    },
    "label" : {
      "IRI-based" : "sha1",
      "undefined" : "sha1sum (hex)"
    },
    "domain" : "2",
    "comment" : {
      "undefined" : "A sha1sum hash, in hex."
    },
    "attributes" : [ "datatype" ],
    "id" : "112"
  }, {
    "iri" : "http://xmlns.com/foaf/0.1/firstName",
    "baseIri" : "http://xmlns.com/foaf/0.1",
    "range" : "24",
    "annotations" : {
      "isDefinedBy" : [ {
        "identifier" : "isDefinedBy",
        "language" : "undefined",
        "value" : "http://xmlns.com/foaf/0.1/",
        "type" : "iri"
      } ],
      "term_status" : [ {
        "identifier" : "term_status",
        "language" : "undefined",
        "value" : "testing",
        "type" : "label"
      } ]
    },
    "label" : {
      "IRI-based" : "firstName",
      "undefined" : "firstName"
    },
    "domain" : "12",
    "comment" : {
      "undefined" : "The first name of a person."
    },
    "attributes" : [ "datatype" ],
    "id" : "113"
  }, {
    "iri" : "http://xmlns.com/foaf/0.1/made",
    "inverse" : "115",
    "baseIri" : "http://xmlns.com/foaf/0.1",
    "range" : "18",
    "annotations" : {
      "isDefinedBy" : [ {
        "identifier" : "isDefinedBy",
        "language" : "undefined",
        "value" : "http://xmlns.com/foaf/0.1/",
        "type" : "iri"
      } ],
      "term_status" : [ {
        "identifier" : "term_status",
        "language" : "undefined",
        "value" : "stable",
        "type" : "label"
      } ]
    },
    "label" : {
      "IRI-based" : "made",
      "undefined" : "made"
    },
    "domain" : "1",
    "comment" : {
      "undefined" : "Something that was made by this agent."
    },
    "attributes" : [ "object" ],
    "id" : "114"
  }, {
    "range" : "60",
    "domain" : "2",
    "attributes" : [ "anonymous", "object" ],
    "id" : "116"
  }, {
    "range" : "12",
    "domain" : "60",
    "attributes" : [ "anonymous", "object" ],
    "id" : "117"
  }, {
    "iri" : "http://xmlns.com/foaf/0.1/familyName",
    "baseIri" : "http://xmlns.com/foaf/0.1",
    "range" : "62",
    "annotations" : {
      "isDefinedBy" : [ {
        "identifier" : "isDefinedBy",
        "language" : "undefined",
        "value" : "http://xmlns.com/foaf/0.1/",
        "type" : "iri"
      } ],
      "term_status" : [ {
        "identifier" : "term_status",
        "language" : "undefined",
        "value" : "testing",
        "type" : "label"
      } ]
    },
    "label" : {
      "IRI-based" : "familyName",
      "undefined" : "familyName"
    },
    "domain" : "12",
    "comment" : {
      "undefined" : "The family name of some person."
    },
    "attributes" : [ "datatype" ],
    "id" : "119"
  }, {
    "range" : "2",
    "domain" : "11",
    "attributes" : [ "anonymous", "object" ],
    "id" : "120"
  }, {
    "range" : "12",
    "domain" : "11",
    "attributes" : [ "anonymous", "object" ],
    "id" : "121"
  }, {
    "iri" : "http://xmlns.com/foaf/0.1/member",
    "baseIri" : "http://xmlns.com/foaf/0.1",
    "range" : "1",
    "annotations" : {
      "isDefinedBy" : [ {
        "identifier" : "isDefinedBy",
        "language" : "undefined",
        "value" : "http://xmlns.com/foaf/0.1/",
        "type" : "iri"
      } ],
      "term_status" : [ {
        "identifier" : "term_status",
        "language" : "undefined",
        "value" : "stable",
        "type" : "label"
      } ]
    },
    "label" : {
      "IRI-based" : "member",
      "undefined" : "member"
    },
    "domain" : "10",
    "comment" : {
      "undefined" : "Indicates a member of a Group"
    },
    "attributes" : [ "object" ],
    "id" : "122"
  }, {
    "iri" : "http://xmlns.com/foaf/0.1/plan",
    "baseIri" : "http://xmlns.com/foaf/0.1",
    "range" : "27",
    "annotations" : {
      "isDefinedBy" : [ {
        "identifier" : "isDefinedBy",
        "language" : "undefined",
        "value" : "http://xmlns.com/foaf/0.1/",
        "type" : "iri"
      } ],
      "term_status" : [ {
        "identifier" : "term_status",
        "language" : "undefined",
        "value" : "testing",
        "type" : "label"
      } ]
    },
    "label" : {
      "IRI-based" : "plan",
      "undefined" : "plan"
    },
    "domain" : "12",
    "comment" : {
      "undefined" : "A .plan comment, in the tradition of finger and '.plan' files."
    },
    "attributes" : [ "datatype" ],
    "id" : "123"
  }, {
    "iri" : "http://xmlns.com/foaf/0.1/mbox",
    "baseIri" : "http://xmlns.com/foaf/0.1",
    "range" : "18",
    "annotations" : {
      "isDefinedBy" : [ {
        "identifier" : "isDefinedBy",
        "language" : "undefined",
        "value" : "http://xmlns.com/foaf/0.1/",
        "type" : "iri"
      } ],
      "term_status" : [ {
        "identifier" : "term_status",
        "language" : "undefined",
        "value" : "stable",
        "type" : "label"
      } ]
    },
    "label" : {
      "IRI-based" : "mbox",
      "undefined" : "personal mailbox"
    },
    "domain" : "1",
    "comment" : {
      "undefined" : "A  personal mailbox, ie. an Internet mailbox associated with exactly one owner, the first owner of this mailbox. This is a 'static inverse functional property', in that  there is (across time and change) at most one individual that ever has any particular value for foaf:mbox."
    },
    "attributes" : [ "object", "inverse functional" ],
    "id" : "124"
  }, {
    "iri" : "http://xmlns.com/foaf/0.1/surname",
    "baseIri" : "http://xmlns.com/foaf/0.1",
    "range" : "118",
    "annotations" : {
      "isDefinedBy" : [ {
        "identifier" : "isDefinedBy",
        "language" : "undefined",
        "value" : "http://xmlns.com/foaf/0.1/",
        "type" : "iri"
      } ],
      "term_status" : [ {
        "identifier" : "term_status",
        "language" : "undefined",
        "value" : "archaic",
        "type" : "label"
      } ]
    },
    "label" : {
      "IRI-based" : "surname",
      "undefined" : "Surname"
    },
    "domain" : "12",
    "comment" : {
      "undefined" : "The surname of some person."
    },
    "attributes" : [ "datatype" ],
    "id" : "125"
  }, {
    "iri" : "http://xmlns.com/foaf/0.1/myersBriggs",
    "baseIri" : "http://xmlns.com/foaf/0.1",
    "range" : "22",
    "annotations" : {
      "isDefinedBy" : [ {
        "identifier" : "isDefinedBy",
        "language" : "undefined",
        "value" : "http://xmlns.com/foaf/0.1/",
        "type" : "iri"
      } ],
      "term_status" : [ {
        "identifier" : "term_status",
        "language" : "undefined",
        "value" : "testing",
        "type" : "label"
      } ]
    },
    "label" : {
      "IRI-based" : "myersBriggs",
      "undefined" : "myersBriggs"
    },
    "domain" : "12",
    "comment" : {
      "undefined" : "A Myers Briggs (MBTI) personality classification."
    },
    "attributes" : [ "datatype" ],
    "id" : "127"
  }, {
    "iri" : "http://xmlns.com/foaf/0.1/maker",
    "baseIri" : "http://xmlns.com/foaf/0.1",
    "range" : "1",
    "annotations" : {
      "isDefinedBy" : [ {
        "identifier" : "isDefinedBy",
        "language" : "undefined",
        "value" : "http://xmlns.com/foaf/0.1/",
        "type" : "iri"
      } ],
      "term_status" : [ {
        "identifier" : "term_status",
        "language" : "undefined",
        "value" : "stable",
        "type" : "label"
      } ]
    },
    "label" : {
      "IRI-based" : "maker",
      "undefined" : "maker"
    },
    "domain" : "18",
    "comment" : {
      "undefined" : "An agent that  made this thing."
    },
    "attributes" : [ "object" ],
    "id" : "115"
  }, {
    "iri" : "http://xmlns.com/foaf/0.1/publications",
    "baseIri" : "http://xmlns.com/foaf/0.1",
    "range" : "2",
    "annotations" : {
      "isDefinedBy" : [ {
        "identifier" : "isDefinedBy",
        "language" : "undefined",
        "value" : "http://xmlns.com/foaf/0.1/",
        "type" : "iri"
      } ],
      "term_status" : [ {
        "identifier" : "term_status",
        "language" : "undefined",
        "value" : "testing",
        "type" : "label"
      } ]
    },
    "label" : {
      "IRI-based" : "publications",
      "undefined" : "publications"
    },
    "domain" : "12",
    "comment" : {
      "undefined" : "A link to the publications of this person."
    },
    "attributes" : [ "object" ],
    "id" : "128"
  }, {
    "iri" : "http://xmlns.com/foaf/0.1/workplaceHomepage",
    "baseIri" : "http://xmlns.com/foaf/0.1",
    "range" : "2",
    "annotations" : {
      "isDefinedBy" : [ {
        "identifier" : "isDefinedBy",
        "language" : "undefined",
        "value" : "http://xmlns.com/foaf/0.1/",
        "type" : "iri"
      } ],
      "term_status" : [ {
        "identifier" : "term_status",
        "language" : "undefined",
        "value" : "testing",
        "type" : "label"
      } ]
    },
    "label" : {
      "IRI-based" : "workplaceHomepage",
      "undefined" : "workplace homepage"
    },
    "domain" : "12",
    "comment" : {
      "undefined" : "A workplace homepage of some person; the homepage of an organization they work for."
    },
    "attributes" : [ "object" ],
    "id" : "129"
  } ]
}